i,A_i,enrichment
204,Y,7.159952746508376
23,V,6.977452693280244
243,L,6.869619307540602
164,E,6.803319980415702
269,S,6.618458938100395
168,R,6.6008002033306985
181,Q,6.546614666549847
12,Y,6.367319034286633
86,R,6.023336506019072
240,T,6.020148829657609
271,V,5.987563211163398
229,T,5.970725582133502
256,A,5.836199437974861
179,H,5.7678349430904925
301,V,5.683630673508053
230,M,5.622496126293316
171,V,5.592512743210134
226,F,5.567180638864492
41,A,5.388382383340946
253,A,5.366708664765003
175,V,5.361651174351052
329,T,5.360924954697497
321,V,5.2482598206052975
173,H,5.204397021769294
172,E,5.188753841119198
121,G,5.003495889684956
241,A,4.910949086558864
170,G,4.820791180192373
290,K,4.819766658529117
208,N,4.814476604178288
298,Q,4.750716255073585
294,R,4.749913754448735
203,K,4.669331900747093
120,S,4.658901253135533
260,S,4.611434643533683
303,R,4.606790806842123
90,L,4.582155774136614
63,L,4.518626128457293
255,R,4.513530187472444
275,D,4.507761361496897
184,L,4.48470094168667
83,I,4.477933641208797
123,I,4.420227396508877
177,L,4.415220139905291
92,A,4.347907454186104
299,T,4.2321551113531735
87,A,4.1163376506179175
157,N,4.0540402837187965
82,A,4.044499580772353
257,I,4.024072404898072
304,L,4.017979849922392
244,V,4.001273697038144
300,S,3.9749939721710406
183,A,3.9448040723119107
200,G,3.9447054652026745
146,L,3.94277363410035
169,L,3.894976473622886
65,G,3.811951148157789
242,M,3.8080025225948657
45,L,3.7914613350631754
259,E,3.718660760604189
287,T,3.704566145688445
322,S,3.649972536719687
64,I,3.6499681955261987
42,M,3.6446055812270637
198,L,3.626146206344012
305,L,3.613538140112785
97,S,3.590307173415515
94,V,3.576918932697378
245,A,3.5670737260362513
307,L,3.511661492009686
285,P,3.4642581397986665
17,Y,3.4522057463339517
205,L,3.4406346051759487
13,A,3.438731301916546
166,G,3.4295056455832595
316,N,3.3711234150401497
268,I,3.36344446392972
201,W,3.3118444179564426
62,L,3.301148337371595
317,Q,3.266536001688812
308,S,3.207447396948095
302,D,3.1914848284913546
119,V,3.18988106758265
252,G,3.1741430008463087
148,L,3.1155858822226676
20,V,3.102712383018153
174,L,3.092090722893105
207,R,3.0762385447850686
216,R,3.031777901588667
283,I,3.0302715074482025
95,V,3.012241910720499
247,D,3.006120827901896
289,I,2.9889892380557868
9,V,2.980108396519576
326,R,2.8649439753190706
258,T,2.837792910901802
35,R,2.7837822622014823
167,T,2.7700368032763025
66,V,2.7349984104611607
160,I,2.725976790221828
325,K,2.7218514160668783
182,I,2.7036227446092083
7,Y,2.701373386211734
320,P,2.6781337371274865
292,D,2.6687939694225054
39,E,2.667200131241775
38,V,2.6376248203464994
254,M,2.629754856722581
115,L,2.6186072920149424
158,S,2.5722619506740894
44,E,2.5433806105664543
156,I,2.4797480165844097
81,A,2.4756263634524505
239,P,2.4430078759218263
85,S,2.4208541453801704
319,L,2.3887634229436334
78,Q,2.378016488377922
26,Q,2.3751407577771246
151,S,2.371554311785232
22,R,2.3557257001561323
6,L,2.3445663522090254
222,A,2.3286075047752752
145,A,2.3105996140150133
163,H,2.309108724137007
186,A,2.302670114023255
297,G,2.2882796777798027
273,Y,2.2875962498906333
139,A,2.2688317511223985
15,V,2.241468588394697
217,E,2.2211821912235394
161,F,2.2155094916752347
272,G,2.2072091297254692
238,V,2.1589549035907294
324,V,2.1565560841031552
288,T,2.1064791768737985
309,Q,2.0896092989779884
159,I,2.0835694584946673
137,E,2.0819576353694846
165,D,2.053521577679658
114,L,2.053268548116335
220,W,2.050854224366303
251,L,2.0476373999914195
30,V,1.9856321333970155
110,A,1.9787438996719673
210,I,1.966122809860276
293,F,1.9173482606774301
93,S,1.9134951413712513
180,Q,1.9023320724011545
144,P,1.8940745022157743
106,A,1.8535922527662156
330,L,1.850207362186283
318,L,1.8496926206726616
48,I,1.8490290382394392
232,M,1.8087005910734681
24,V,1.7533472732442454
233,L,1.7285565777436531
196,L,1.7239307259965446
199,A,1.696466475477614
270,V,1.6887193056123666
262,L,1.6814850167492452
282,Y,1.6383813066032087
80,V,1.631058333358825
117,Q,1.6152086359327822
234,N,1.6089002616236807
250,A,1.5936905801519234
162,S,1.591214239352057
264,V,1.590101033307539
323,L,1.5681029655609657
185,L,1.51450907143553
112,H,1.50647166177706
84,K,1.4623204836593293
327,K,1.448066484925512
108,K,1.4254581694085737
147,F,1.4184210947639242
28,S,1.4165060082650542
143,V,1.415617924111433
60,Q,1.407720672985588
122,L,1.4008082526111045
212,P,1.4004311889481145
315,G,1.3946877899629995
202,H,1.3847966906849951
291,Q,1.3685308588545668
100,E,1.364755881031179
61,S,1.356805295242477
278,D,1.3260758470497926
116,A,1.3259108816972347
194,A,1.3233284917421524
218,G,1.3191286971274025
225,G,1.2971014813674075
231,Q,1.2965389867254142
76,P,1.2627260508149902
98,M,1.2495002947674183
215,E,1.2326595648850303
276,T,1.202287955069888
211,Q,1.1422356053747522
4,V,1.0971467294635335
88,D,1.0958177040855934
197,R,1.0741873974445355
237,I,1.0413468888755064
75,A,1.0358720237161723
213,I,0.9657295000130655
176,A,0.959186701255592
56,L,0.9574961164771206
50,N,0.9574961164771206
228,Q,0.9465346029189836
79,I,0.9146609401568648
29,H,0.9100890432431116
189,L,0.9045720064898904
89,Q,0.8838093183760081
96,V,0.880654511050959
34,T,0.8717358391143497
141,T,0.8710468296906955
134,I,0.866712458077806
235,E,0.7887043119442694
187,G,0.713666782497775
224,S,0.7135898813559811
113,N,0.6866440933736617
43,A,0.6789341337383147
36,E,0.6789341337383147
67,A,0.6788001769106735
284,P,0.6669946113042975
155,P,0.6636642957282184
125,N,0.6631799425690159
72,A,0.6527083637045665
277,E,0.6447013424005152
57,A,0.6415750629183897
51,R,0.6379557478900849
138,A,0.6183608408245745
214,A,0.6155384448866349
249,M,0.6055388157714213
69,S,0.5995461082459742
274,D,0.5909201567845809
193,S,0.58929655041993
32,A,0.5731969242830567
306,Q,0.57280373618711
18,Q,0.5613956998701691
27,A,0.5613956998701691
296,L,0.5596958125342226
37,K,0.5496831598385439
73,L,0.548973064617946
248,Q,0.548973064617946
280,S,0.5475417111077803
