filename,num_alpha_dihedrals,alpha_dihedral_score,num_beta_dihedrals,beta_dihedral_score,ranking_score,cluster_single,cluster_size_single,cluster_average,cluster_size_average,cluster_maximum,cluster_size_maximum,cluster_pairs_min,cluster_size_pairs_min,cluster_pairs_abs,cluster_size_pairs_abs,num_pairs,rmsd,maxsub,tm,msi,filename_experimental,L_experiment,L_prediction,L_joint,L_normalization
58889589483bd216ebea70b7a94b4369_b0.2/fold/58889589483bd216ebea70b7a94b4369_b0.2_significant_ECs_0.9_6_hMIN.pdb,131,46.6,28,13.2,0.3714285714285714,57,59,37,59,48,19,1,54,3,8,234,3.467,0.674,0.725,0.674,58889589483bd216ebea70b7a94b4369_b0.2/compare/aux/58889589483bd216ebea70b7a94b4369_b0.2_2paf_A_43.pdb,269,327,269,269
58889589483bd216ebea70b7a94b4369_b0.2/fold/58889589483bd216ebea70b7a94b4369_b0.2_significant_ECs_0.9_9_hMIN.pdb,131,55.4,27,11.4,0.41490683229813663,57,59,37,59,48,19,1,54,3,8,229,3.4130000000000003,0.6659999999999999,0.7170000000000001,0.6659999999999999,58889589483bd216ebea70b7a94b4369_b0.2/compare/aux/58889589483bd216ebea70b7a94b4369_b0.2_2paf_A_43.pdb,269,327,269,269
58889589483bd216ebea70b7a94b4369_b0.2/fold/58889589483bd216ebea70b7a94b4369_b0.2_significant_ECs_0.99_1_hMIN.pdb,131,52.0,26,7.800000000000001,0.3714285714285714,57,59,37,59,48,19,1,54,3,8,223,3.5189999999999997,0.639,0.7020000000000001,0.639,58889589483bd216ebea70b7a94b4369_b0.2/compare/aux/58889589483bd216ebea70b7a94b4369_b0.2_2paf_A_43.pdb,269,327,269,269
58889589483bd216ebea70b7a94b4369_b0.2/fold/58889589483bd216ebea70b7a94b4369_b0.2_significant_ECs_0.9_1_hMIN.pdb,131,43.2,27,12.0,0.34285714285714286,57,59,37,59,48,19,1,54,1,50,227,3.679,0.636,0.698,0.636,58889589483bd216ebea70b7a94b4369_b0.2/compare/aux/58889589483bd216ebea70b7a94b4369_b0.2_2paf_A_43.pdb,269,327,269,269
58889589483bd216ebea70b7a94b4369_b0.2/fold/58889589483bd216ebea70b7a94b4369_b0.2_significant_ECs_0.99_10_hMIN.pdb,131,46.6,28,10.4,0.35403726708074534,57,59,37,59,48,19,1,54,1,50,222,3.56,0.633,0.6970000000000001,0.633,58889589483bd216ebea70b7a94b4369_b0.2/compare/aux/58889589483bd216ebea70b7a94b4369_b0.2_2paf_A_43.pdb,269,327,269,269
58889589483bd216ebea70b7a94b4369_b0.2/fold/58889589483bd216ebea70b7a94b4369_b0.2_significant_ECs_0.99_4_hMIN.pdb,131,41.00000000000001,30,15.399999999999999,0.3503105590062112,57,59,37,59,48,19,1,54,1,50,218,3.486,0.624,0.6970000000000001,0.624,58889589483bd216ebea70b7a94b4369_b0.2/compare/aux/58889589483bd216ebea70b7a94b4369_b0.2_2paf_A_43.pdb,269,327,269,269
58889589483bd216ebea70b7a94b4369_b0.2/fold/58889589483bd216ebea70b7a94b4369_b0.2_significant_ECs_0.9_3_hMIN.pdb,131,52.8,28,12.6,0.4062111801242235,57,59,37,59,48,19,1,54,1,50,214,3.491,0.612,0.69,0.612,58889589483bd216ebea70b7a94b4369_b0.2/compare/aux/58889589483bd216ebea70b7a94b4369_b0.2_2paf_A_43.pdb,269,327,269,269
58889589483bd216ebea70b7a94b4369_b0.2/fold/58889589483bd216ebea70b7a94b4369_b0.2_significant_ECs_0.9_8_hMIN.pdb,131,48.2,27,14.4,0.38881987577639754,57,59,37,59,48,19,1,54,1,50,228,3.7569999999999997,0.63,0.688,0.63,58889589483bd216ebea70b7a94b4369_b0.2/compare/aux/58889589483bd216ebea70b7a94b4369_b0.2_2paf_A_43.pdb,269,327,269,269
58889589483bd216ebea70b7a94b4369_b0.2/fold/58889589483bd216ebea70b7a94b4369_b0.2_significant_ECs_0.9_7_hMIN.pdb,131,48.800000000000004,24,6.6000000000000005,0.3440993788819876,57,59,37,59,48,19,1,54,1,50,224,3.7319999999999998,0.621,0.684,0.621,58889589483bd216ebea70b7a94b4369_b0.2/compare/aux/58889589483bd216ebea70b7a94b4369_b0.2_2paf_A_43.pdb,269,327,269,269
58889589483bd216ebea70b7a94b4369_b0.2/fold/58889589483bd216ebea70b7a94b4369_b0.2_significant_ECs_0.99_2_hMIN.pdb,131,56.400000000000006,30,14.0,0.43726708074534165,57,59,37,59,48,19,1,54,1,50,222,3.722,0.618,0.682,0.618,58889589483bd216ebea70b7a94b4369_b0.2/compare/aux/58889589483bd216ebea70b7a94b4369_b0.2_2paf_A_43.pdb,269,327,269,269
58889589483bd216ebea70b7a94b4369_b0.2/fold/58889589483bd216ebea70b7a94b4369_b0.2_significant_ECs_0.99_3_hMIN.pdb,131,54.599999999999994,25,12.200000000000001,0.41490683229813663,57,59,37,59,48,19,0,59,3,8,208,3.513,0.596,0.6729999999999999,0.596,58889589483bd216ebea70b7a94b4369_b0.2/compare/aux/58889589483bd216ebea70b7a94b4369_b0.2_2paf_A_43.pdb,269,327,269,269
58889589483bd216ebea70b7a94b4369_b0.2/fold/58889589483bd216ebea70b7a94b4369_b0.2_significant_ECs_0.99_5_hMIN.pdb,131,41.2,21,6.8,0.2981366459627329,57,59,37,59,48,19,0,59,3,8,207,3.58,0.59,0.67,0.59,58889589483bd216ebea70b7a94b4369_b0.2/compare/aux/58889589483bd216ebea70b7a94b4369_b0.2_2paf_A_43.pdb,269,327,269,269
58889589483bd216ebea70b7a94b4369_b0.2/fold/58889589483bd216ebea70b7a94b4369_b0.2_significant_ECs_0.9_4_hMIN.pdb,131,38.2,23,8.4,0.2894409937888199,57,59,37,59,48,19,1,54,3,8,217,3.72,0.606,0.67,0.606,58889589483bd216ebea70b7a94b4369_b0.2/compare/aux/58889589483bd216ebea70b7a94b4369_b0.2_2paf_A_43.pdb,269,327,269,269
58889589483bd216ebea70b7a94b4369_b0.2/fold/58889589483bd216ebea70b7a94b4369_b0.2_significant_ECs_0.9_10_hMIN.pdb,131,49.99999999999999,28,11.400000000000002,0.3813664596273291,57,59,37,59,48,19,1,54,1,50,206,3.575,0.585,0.6679999999999999,0.585,58889589483bd216ebea70b7a94b4369_b0.2/compare/aux/58889589483bd216ebea70b7a94b4369_b0.2_2paf_A_43.pdb,269,327,269,269
58889589483bd216ebea70b7a94b4369_b0.2/fold/58889589483bd216ebea70b7a94b4369_b0.2_461_5_hMIN.pdb,131,59.00000000000001,25,11.8,0.43975155279503114,57,59,37,59,42,19,1,54,1,50,198,3.429,0.575,0.665,0.575,58889589483bd216ebea70b7a94b4369_b0.2/compare/aux/58889589483bd216ebea70b7a94b4369_b0.2_2paf_A_43.pdb,269,327,269,269
58889589483bd216ebea70b7a94b4369_b0.2/fold/58889589483bd216ebea70b7a94b4369_b0.2_significant_ECs_0.99_7_hMIN.pdb,131,41.2,22,13.600000000000001,0.3403726708074534,57,59,37,59,48,19,1,54,1,50,214,3.765,0.5920000000000001,0.662,0.5920000000000001,58889589483bd216ebea70b7a94b4369_b0.2/compare/aux/58889589483bd216ebea70b7a94b4369_b0.2_2paf_A_43.pdb,269,327,269,269
58889589483bd216ebea70b7a94b4369_b0.2/fold/58889589483bd216ebea70b7a94b4369_b0.2_461_1_hMIN.pdb,131,63.8,25,12.799999999999999,0.4757763975155279,57,59,37,59,42,19,1,54,1,50,200,3.375,0.583,0.6609999999999999,0.583,58889589483bd216ebea70b7a94b4369_b0.2/compare/aux/58889589483bd216ebea70b7a94b4369_b0.2_2paf_A_43.pdb,269,327,269,269
58889589483bd216ebea70b7a94b4369_b0.2/fold/58889589483bd216ebea70b7a94b4369_b0.2_significant_ECs_0.99_9_hMIN.pdb,131,55.199999999999996,19,6.2,0.3813664596273292,57,59,37,59,48,19,1,54,1,50,201,3.545,0.574,0.659,0.574,58889589483bd216ebea70b7a94b4369_b0.2/compare/aux/58889589483bd216ebea70b7a94b4369_b0.2_2paf_A_43.pdb,269,327,269,269
58889589483bd216ebea70b7a94b4369_b0.2/fold/58889589483bd216ebea70b7a94b4369_b0.2_significant_ECs_0.99_8_hMIN.pdb,131,58.800000000000004,21,8.8,0.41987577639751555,57,59,37,59,48,19,1,54,1,50,194,3.464,0.561,0.659,0.561,58889589483bd216ebea70b7a94b4369_b0.2/compare/aux/58889589483bd216ebea70b7a94b4369_b0.2_2paf_A_43.pdb,269,327,269,269
58889589483bd216ebea70b7a94b4369_b0.2/fold/58889589483bd216ebea70b7a94b4369_b0.2_428_2_hMIN.pdb,131,55.2,24,8.4,0.39503105590062115,57,59,37,59,42,19,1,54,1,50,203,3.667,0.5710000000000001,0.6579999999999999,0.5710000000000001,58889589483bd216ebea70b7a94b4369_b0.2/compare/aux/58889589483bd216ebea70b7a94b4369_b0.2_2paf_A_43.pdb,269,327,269,269
58889589483bd216ebea70b7a94b4369_b0.2/fold/58889589483bd216ebea70b7a94b4369_b0.2_461_2_hMIN.pdb,131,68.8,22,9.6,0.4869565217391304,57,59,37,59,42,19,1,54,1,50,206,3.758,0.5710000000000001,0.655,0.5710000000000001,58889589483bd216ebea70b7a94b4369_b0.2/compare/aux/58889589483bd216ebea70b7a94b4369_b0.2_2paf_A_43.pdb,269,327,269,269
58889589483bd216ebea70b7a94b4369_b0.2/fold/58889589483bd216ebea70b7a94b4369_b0.2_362_7_hMIN.pdb,131,57.400000000000006,26,9.600000000000001,0.4161490683229814,57,59,37,59,46,14,1,54,1,50,195,3.1639999999999997,0.5820000000000001,0.653,0.5820000000000001,58889589483bd216ebea70b7a94b4369_b0.2/compare/aux/58889589483bd216ebea70b7a94b4369_b0.2_2paf_A_43.pdb,269,327,269,269
58889589483bd216ebea70b7a94b4369_b0.2/fold/58889589483bd216ebea70b7a94b4369_b0.2_428_1_hMIN.pdb,131,48.2,24,9.799999999999999,0.36024844720496896,57,59,37,59,42,19,1,54,1,50,200,3.478,0.574,0.652,0.574,58889589483bd216ebea70b7a94b4369_b0.2/compare/aux/58889589483bd216ebea70b7a94b4369_b0.2_2paf_A_43.pdb,269,327,269,269
58889589483bd216ebea70b7a94b4369_b0.2/fold/58889589483bd216ebea70b7a94b4369_b0.2_428_4_hMIN.pdb,131,59.80000000000001,26,8.799999999999999,0.42608695652173917,57,59,37,59,42,19,1,54,1,50,194,3.4330000000000003,0.562,0.65,0.562,58889589483bd216ebea70b7a94b4369_b0.2/compare/aux/58889589483bd216ebea70b7a94b4369_b0.2_2paf_A_43.pdb,269,327,269,269
58889589483bd216ebea70b7a94b4369_b0.2/fold/58889589483bd216ebea70b7a94b4369_b0.2_significant_ECs_0.9_5_hMIN.pdb,131,43.8,25,9.8,0.33291925465838507,57,59,37,59,48,19,0,59,3,8,209,3.924,0.563,0.6459999999999999,0.563,58889589483bd216ebea70b7a94b4369_b0.2/compare/aux/58889589483bd216ebea70b7a94b4369_b0.2_2paf_A_43.pdb,269,327,269,269
58889589483bd216ebea70b7a94b4369_b0.2/fold/58889589483bd216ebea70b7a94b4369_b0.2_461_9_hMIN.pdb,131,58.6,21,7.3999999999999995,0.40993788819875776,57,59,37,59,42,19,1,54,1,50,197,3.466,0.569,0.645,0.569,58889589483bd216ebea70b7a94b4369_b0.2/compare/aux/58889589483bd216ebea70b7a94b4369_b0.2_2paf_A_43.pdb,269,327,269,269
58889589483bd216ebea70b7a94b4369_b0.2/fold/58889589483bd216ebea70b7a94b4369_b0.2_395_1_hMIN.pdb,131,60.2,23,10.799999999999999,0.4409937888198758,57,59,37,59,46,14,1,54,1,50,190,3.2769999999999997,0.563,0.642,0.563,58889589483bd216ebea70b7a94b4369_b0.2/compare/aux/58889589483bd216ebea70b7a94b4369_b0.2_2paf_A_43.pdb,269,327,269,269
58889589483bd216ebea70b7a94b4369_b0.2/fold/58889589483bd216ebea70b7a94b4369_b0.2_362_1_hMIN.pdb,131,53.400000000000006,26,12.799999999999999,0.4111801242236025,57,59,37,59,46,14,1,54,1,50,193,3.304,0.5660000000000001,0.6409999999999999,0.5660000000000001,58889589483bd216ebea70b7a94b4369_b0.2/compare/aux/58889589483bd216ebea70b7a94b4369_b0.2_2paf_A_43.pdb,269,327,269,269
58889589483bd216ebea70b7a94b4369_b0.2/fold/58889589483bd216ebea70b7a94b4369_b0.2_significant_ECs_0.9_2_hMIN.pdb,131,44.60000000000001,22,8.600000000000001,0.3304347826086957,57,59,37,59,48,19,0,59,3,8,191,3.531,0.5489999999999999,0.64,0.5489999999999999,58889589483bd216ebea70b7a94b4369_b0.2/compare/aux/58889589483bd216ebea70b7a94b4369_b0.2_2paf_A_43.pdb,269,327,269,269
58889589483bd216ebea70b7a94b4369_b0.2/fold/58889589483bd216ebea70b7a94b4369_b0.2_461_7_hMIN.pdb,131,55.6,24,11.4,0.4161490683229814,57,59,37,59,42,19,1,54,1,50,185,3.5180000000000002,0.534,0.638,0.534,58889589483bd216ebea70b7a94b4369_b0.2/compare/aux/58889589483bd216ebea70b7a94b4369_b0.2_2paf_A_43.pdb,269,327,269,269
58889589483bd216ebea70b7a94b4369_b0.2/fold/58889589483bd216ebea70b7a94b4369_b0.2_461_4_hMIN.pdb,131,57.8,24,11.799999999999999,0.43229813664596267,57,59,37,59,42,19,1,54,1,50,194,3.718,0.541,0.638,0.541,58889589483bd216ebea70b7a94b4369_b0.2/compare/aux/58889589483bd216ebea70b7a94b4369_b0.2_2paf_A_43.pdb,269,327,269,269
58889589483bd216ebea70b7a94b4369_b0.2/fold/58889589483bd216ebea70b7a94b4369_b0.2_362_2_hMIN.pdb,131,64.0,21,7.2,0.4422360248447205,57,59,37,59,46,14,1,54,1,50,188,3.237,0.5579999999999999,0.637,0.5579999999999999,58889589483bd216ebea70b7a94b4369_b0.2/compare/aux/58889589483bd216ebea70b7a94b4369_b0.2_2paf_A_43.pdb,269,327,269,269
58889589483bd216ebea70b7a94b4369_b0.2/fold/58889589483bd216ebea70b7a94b4369_b0.2_395_9_hMIN.pdb,131,58.00000000000001,29,9.8,0.4211180124223603,57,59,37,59,46,14,1,54,1,50,188,3.2689999999999997,0.557,0.635,0.557,58889589483bd216ebea70b7a94b4369_b0.2/compare/aux/58889589483bd216ebea70b7a94b4369_b0.2_2paf_A_43.pdb,269,327,269,269
58889589483bd216ebea70b7a94b4369_b0.2/fold/58889589483bd216ebea70b7a94b4369_b0.2_395_7_hMIN.pdb,131,59.4,24,11.0,0.43726708074534165,57,59,37,59,46,14,1,54,1,50,196,3.424,0.568,0.633,0.568,58889589483bd216ebea70b7a94b4369_b0.2/compare/aux/58889589483bd216ebea70b7a94b4369_b0.2_2paf_A_43.pdb,269,327,269,269
58889589483bd216ebea70b7a94b4369_b0.2/fold/58889589483bd216ebea70b7a94b4369_b0.2_428_9_hMIN.pdb,131,53.800000000000004,25,9.999999999999998,0.39627329192546584,57,59,37,59,42,19,1,54,1,50,178,3.472,0.515,0.632,0.515,58889589483bd216ebea70b7a94b4369_b0.2/compare/aux/58889589483bd216ebea70b7a94b4369_b0.2_2paf_A_43.pdb,269,327,269,269
58889589483bd216ebea70b7a94b4369_b0.2/fold/58889589483bd216ebea70b7a94b4369_b0.2_362_4_hMIN.pdb,131,64.8,28,12.200000000000001,0.4782608695652174,57,59,37,59,46,14,1,54,1,50,188,3.2969999999999997,0.5539999999999999,0.631,0.5539999999999999,58889589483bd216ebea70b7a94b4369_b0.2/compare/aux/58889589483bd216ebea70b7a94b4369_b0.2_2paf_A_43.pdb,269,327,269,269
58889589483bd216ebea70b7a94b4369_b0.2/fold/58889589483bd216ebea70b7a94b4369_b0.2_461_6_hMIN.pdb,131,45.00000000000001,27,12.0,0.3540372670807454,57,59,37,59,42,19,1,54,1,50,176,3.54,0.507,0.631,0.507,58889589483bd216ebea70b7a94b4369_b0.2/compare/aux/58889589483bd216ebea70b7a94b4369_b0.2_2paf_A_43.pdb,269,327,269,269
58889589483bd216ebea70b7a94b4369_b0.2/fold/58889589483bd216ebea70b7a94b4369_b0.2_395_8_hMIN.pdb,131,61.00000000000001,25,7.800000000000001,0.4273291925465839,57,59,37,59,46,14,1,54,1,50,192,3.4019999999999997,0.56,0.631,0.56,58889589483bd216ebea70b7a94b4369_b0.2/compare/aux/58889589483bd216ebea70b7a94b4369_b0.2_2paf_A_43.pdb,269,327,269,269
58889589483bd216ebea70b7a94b4369_b0.2/fold/58889589483bd216ebea70b7a94b4369_b0.2_362_8_hMIN.pdb,131,61.6,19,4.2,0.408695652173913,57,59,37,59,46,14,1,54,1,50,185,3.238,0.55,0.629,0.55,58889589483bd216ebea70b7a94b4369_b0.2/compare/aux/58889589483bd216ebea70b7a94b4369_b0.2_2paf_A_43.pdb,269,327,269,269
58889589483bd216ebea70b7a94b4369_b0.2/fold/58889589483bd216ebea70b7a94b4369_b0.2_428_6_hMIN.pdb,131,52.00000000000001,27,8.6,0.37639751552795037,57,59,37,59,42,19,1,54,1,50,176,3.286,0.524,0.629,0.524,58889589483bd216ebea70b7a94b4369_b0.2/compare/aux/58889589483bd216ebea70b7a94b4369_b0.2_2paf_A_43.pdb,269,327,269,269
58889589483bd216ebea70b7a94b4369_b0.2/fold/58889589483bd216ebea70b7a94b4369_b0.2_428_3_hMIN.pdb,131,39.60000000000001,22,6.6,0.2869565217391305,57,59,37,59,42,19,1,54,1,50,182,3.4989999999999997,0.525,0.623,0.525,58889589483bd216ebea70b7a94b4369_b0.2/compare/aux/58889589483bd216ebea70b7a94b4369_b0.2_2paf_A_43.pdb,269,327,269,269
58889589483bd216ebea70b7a94b4369_b0.2/fold/58889589483bd216ebea70b7a94b4369_b0.2_461_3_hMIN.pdb,131,47.0,20,10.600000000000001,0.3577639751552795,57,59,37,59,42,19,1,54,1,50,179,3.3480000000000003,0.525,0.622,0.525,58889589483bd216ebea70b7a94b4369_b0.2/compare/aux/58889589483bd216ebea70b7a94b4369_b0.2_2paf_A_43.pdb,269,327,269,269
58889589483bd216ebea70b7a94b4369_b0.2/fold/58889589483bd216ebea70b7a94b4369_b0.2_461_10_hMIN.pdb,131,36.8,26,9.8,0.2894409937888198,57,59,37,59,42,19,1,54,1,50,185,3.8110000000000004,0.509,0.62,0.509,58889589483bd216ebea70b7a94b4369_b0.2/compare/aux/58889589483bd216ebea70b7a94b4369_b0.2_2paf_A_43.pdb,269,327,269,269
58889589483bd216ebea70b7a94b4369_b0.2/fold/58889589483bd216ebea70b7a94b4369_b0.2_395_10_hMIN.pdb,131,52.400000000000006,26,8.8,0.3801242236024845,57,59,37,59,46,14,1,54,1,50,190,3.625,0.539,0.619,0.539,58889589483bd216ebea70b7a94b4369_b0.2/compare/aux/58889589483bd216ebea70b7a94b4369_b0.2_2paf_A_43.pdb,269,327,269,269
58889589483bd216ebea70b7a94b4369_b0.2/fold/58889589483bd216ebea70b7a94b4369_b0.2_395_3_hMIN.pdb,131,56.4,25,7.8,0.3987577639751553,57,59,37,59,46,14,1,54,1,50,177,3.233,0.525,0.612,0.525,58889589483bd216ebea70b7a94b4369_b0.2/compare/aux/58889589483bd216ebea70b7a94b4369_b0.2_2paf_A_43.pdb,269,327,269,269
58889589483bd216ebea70b7a94b4369_b0.2/fold/58889589483bd216ebea70b7a94b4369_b0.2_362_9_hMIN.pdb,131,54.2,23,8.0,0.3863354037267081,57,59,37,59,46,14,1,54,1,50,181,3.378,0.528,0.611,0.528,58889589483bd216ebea70b7a94b4369_b0.2/compare/aux/58889589483bd216ebea70b7a94b4369_b0.2_2paf_A_43.pdb,269,327,269,269
58889589483bd216ebea70b7a94b4369_b0.2/fold/58889589483bd216ebea70b7a94b4369_b0.2_395_4_hMIN.pdb,131,59.00000000000001,22,8.0,0.4161490683229814,57,59,37,59,46,14,1,54,1,50,189,3.616,0.5329999999999999,0.607,0.5329999999999999,58889589483bd216ebea70b7a94b4369_b0.2/compare/aux/58889589483bd216ebea70b7a94b4369_b0.2_2paf_A_43.pdb,269,327,269,269
58889589483bd216ebea70b7a94b4369_b0.2/fold/58889589483bd216ebea70b7a94b4369_b0.2_362_6_hMIN.pdb,131,60.39999999999999,28,9.8,0.43602484472049685,57,59,37,59,46,14,1,54,1,50,180,3.435,0.522,0.607,0.522,58889589483bd216ebea70b7a94b4369_b0.2/compare/aux/58889589483bd216ebea70b7a94b4369_b0.2_2paf_A_43.pdb,269,327,269,269
58889589483bd216ebea70b7a94b4369_b0.2/fold/58889589483bd216ebea70b7a94b4369_b0.2_428_7_hMIN.pdb,131,41.6,23,8.8,0.3130434782608696,57,59,37,59,42,19,1,54,1,50,172,3.4419999999999997,0.501,0.605,0.501,58889589483bd216ebea70b7a94b4369_b0.2/compare/aux/58889589483bd216ebea70b7a94b4369_b0.2_2paf_A_43.pdb,269,327,269,269
58889589483bd216ebea70b7a94b4369_b0.2/fold/58889589483bd216ebea70b7a94b4369_b0.2_296_10_hMIN.pdb,131,59.6,22,7.2,0.41490683229813663,59,18,46,19,38,19,2,19,2,19,182,3.468,0.524,0.588,0.524,58889589483bd216ebea70b7a94b4369_b0.2/compare/aux/58889589483bd216ebea70b7a94b4369_b0.2_2paf_A_43.pdb,269,327,269,269
58889589483bd216ebea70b7a94b4369_b0.2/fold/58889589483bd216ebea70b7a94b4369_b0.2_296_2_hMIN.pdb,131,37.0,26,10.600000000000001,0.2956521739130435,59,18,46,19,38,19,2,19,2,19,171,3.486,0.49200000000000005,0.579,0.49200000000000005,58889589483bd216ebea70b7a94b4369_b0.2/compare/aux/58889589483bd216ebea70b7a94b4369_b0.2_2paf_A_43.pdb,269,327,269,269
58889589483bd216ebea70b7a94b4369_b0.2/fold/58889589483bd216ebea70b7a94b4369_b0.2_296_7_hMIN.pdb,131,41.0,26,12.4,0.3316770186335404,59,18,46,19,38,19,2,19,2,19,181,3.7569999999999997,0.5,0.575,0.5,58889589483bd216ebea70b7a94b4369_b0.2/compare/aux/58889589483bd216ebea70b7a94b4369_b0.2_2paf_A_43.pdb,269,327,269,269
58889589483bd216ebea70b7a94b4369_b0.2/fold/58889589483bd216ebea70b7a94b4369_b0.2_428_8_hMIN.pdb,131,47.4,29,10.200000000000001,0.3577639751552795,57,59,37,59,42,19,1,54,1,50,156,3.372,0.46,0.575,0.46,58889589483bd216ebea70b7a94b4369_b0.2/compare/aux/58889589483bd216ebea70b7a94b4369_b0.2_2paf_A_43.pdb,269,327,269,269
58889589483bd216ebea70b7a94b4369_b0.2/fold/58889589483bd216ebea70b7a94b4369_b0.2_296_5_hMIN.pdb,131,43.400000000000006,24,5.4,0.30310559006211185,59,18,46,19,38,19,2,19,2,19,178,3.695,0.49700000000000005,0.569,0.49700000000000005,58889589483bd216ebea70b7a94b4369_b0.2/compare/aux/58889589483bd216ebea70b7a94b4369_b0.2_2paf_A_43.pdb,269,327,269,269
58889589483bd216ebea70b7a94b4369_b0.2/fold/58889589483bd216ebea70b7a94b4369_b0.2_263_2_hMIN.pdb,131,44.0,21,4.3999999999999995,0.30062111801242236,59,18,46,19,38,19,2,19,2,19,168,3.4410000000000003,0.486,0.5660000000000001,0.486,58889589483bd216ebea70b7a94b4369_b0.2/compare/aux/58889589483bd216ebea70b7a94b4369_b0.2_2paf_A_43.pdb,269,327,269,269
58889589483bd216ebea70b7a94b4369_b0.2/fold/58889589483bd216ebea70b7a94b4369_b0.2_296_9_hMIN.pdb,131,33.8,28,12.2,0.2857142857142857,59,18,46,19,38,19,2,19,2,19,175,3.838,0.48,0.561,0.48,58889589483bd216ebea70b7a94b4369_b0.2/compare/aux/58889589483bd216ebea70b7a94b4369_b0.2_2paf_A_43.pdb,269,327,269,269
58889589483bd216ebea70b7a94b4369_b0.2/fold/58889589483bd216ebea70b7a94b4369_b0.2_329_1_hMIN.pdb,131,51.599999999999994,23,9.600000000000001,0.38012422360248443,57,59,37,59,47,7,1,54,1,50,158,3.505,0.452,0.56,0.452,58889589483bd216ebea70b7a94b4369_b0.2/compare/aux/58889589483bd216ebea70b7a94b4369_b0.2_2paf_A_43.pdb,269,327,269,269
58889589483bd216ebea70b7a94b4369_b0.2/fold/58889589483bd216ebea70b7a94b4369_b0.2_296_8_hMIN.pdb,131,43.6,19,5.8,0.306832298136646,59,18,46,19,38,19,2,19,2,19,162,3.565,0.46299999999999997,0.551,0.46299999999999997,58889589483bd216ebea70b7a94b4369_b0.2/compare/aux/58889589483bd216ebea70b7a94b4369_b0.2_2paf_A_43.pdb,269,327,269,269
58889589483bd216ebea70b7a94b4369_b0.2/fold/58889589483bd216ebea70b7a94b4369_b0.2_263_6_hMIN.pdb,131,63.4,25,3.8000000000000003,0.4173913043478261,59,18,46,19,38,19,2,19,2,19,156,3.168,0.46799999999999997,0.55,0.46799999999999997,58889589483bd216ebea70b7a94b4369_b0.2/compare/aux/58889589483bd216ebea70b7a94b4369_b0.2_2paf_A_43.pdb,269,327,269,269
58889589483bd216ebea70b7a94b4369_b0.2/fold/58889589483bd216ebea70b7a94b4369_b0.2_263_5_hMIN.pdb,131,41.2,22,3.8000000000000003,0.2795031055900621,59,18,46,19,38,19,2,19,2,19,166,3.603,0.47,0.5489999999999999,0.47,58889589483bd216ebea70b7a94b4369_b0.2/compare/aux/58889589483bd216ebea70b7a94b4369_b0.2_2paf_A_43.pdb,269,327,269,269
58889589483bd216ebea70b7a94b4369_b0.2/fold/58889589483bd216ebea70b7a94b4369_b0.2_296_6_hMIN.pdb,131,51.2,17,3.4000000000000004,0.3391304347826087,59,18,46,19,38,19,2,19,2,19,172,3.772,0.475,0.5489999999999999,0.475,58889589483bd216ebea70b7a94b4369_b0.2/compare/aux/58889589483bd216ebea70b7a94b4369_b0.2_2paf_A_43.pdb,269,327,269,269
58889589483bd216ebea70b7a94b4369_b0.2/fold/58889589483bd216ebea70b7a94b4369_b0.2_263_9_hMIN.pdb,131,47.599999999999994,21,7.4,0.3416149068322981,59,18,46,19,38,19,2,19,2,19,169,3.661,0.474,0.5489999999999999,0.474,58889589483bd216ebea70b7a94b4369_b0.2/compare/aux/58889589483bd216ebea70b7a94b4369_b0.2_2paf_A_43.pdb,269,327,269,269
58889589483bd216ebea70b7a94b4369_b0.2/fold/58889589483bd216ebea70b7a94b4369_b0.2_296_1_hMIN.pdb,131,26.8,22,5.6,0.2012422360248447,56,1,46,19,38,19,2,19,2,19,159,3.295,0.473,0.5479999999999999,0.473,58889589483bd216ebea70b7a94b4369_b0.2/compare/aux/58889589483bd216ebea70b7a94b4369_b0.2_2paf_A_43.pdb,269,327,269,269
58889589483bd216ebea70b7a94b4369_b0.2/fold/58889589483bd216ebea70b7a94b4369_b0.2_461_8_hMIN.pdb,131,37.20000000000001,26,12.600000000000001,0.30931677018633547,57,59,37,59,42,19,1,54,1,50,146,3.428,0.425,0.5429999999999999,0.425,58889589483bd216ebea70b7a94b4369_b0.2/compare/aux/58889589483bd216ebea70b7a94b4369_b0.2_2paf_A_43.pdb,269,327,269,269
58889589483bd216ebea70b7a94b4369_b0.2/fold/58889589483bd216ebea70b7a94b4369_b0.2_263_4_hMIN.pdb,131,43.400000000000006,22,8.0,0.3192546583850932,59,18,46,19,38,19,2,19,2,19,156,3.407,0.45299999999999996,0.542,0.45299999999999996,58889589483bd216ebea70b7a94b4369_b0.2/compare/aux/58889589483bd216ebea70b7a94b4369_b0.2_2paf_A_43.pdb,269,327,269,269
58889589483bd216ebea70b7a94b4369_b0.2/fold/58889589483bd216ebea70b7a94b4369_b0.2_362_5_hMIN.pdb,131,43.199999999999996,30,7.6,0.31552795031055897,57,59,37,59,42,19,1,54,1,50,150,3.55,0.43,0.539,0.43,58889589483bd216ebea70b7a94b4369_b0.2/compare/aux/58889589483bd216ebea70b7a94b4369_b0.2_2paf_A_43.pdb,269,327,269,269
58889589483bd216ebea70b7a94b4369_b0.2/fold/58889589483bd216ebea70b7a94b4369_b0.2_263_8_hMIN.pdb,131,33.2,25,8.8,0.2608695652173913,59,18,46,19,38,19,2,19,2,19,160,3.665,0.447,0.5379999999999999,0.447,58889589483bd216ebea70b7a94b4369_b0.2/compare/aux/58889589483bd216ebea70b7a94b4369_b0.2_2paf_A_43.pdb,269,327,269,269
58889589483bd216ebea70b7a94b4369_b0.2/fold/58889589483bd216ebea70b7a94b4369_b0.2_296_4_hMIN.pdb,131,50.0,23,5.6000000000000005,0.3453416149068323,59,18,46,19,38,19,2,19,2,19,159,3.657,0.447,0.536,0.447,58889589483bd216ebea70b7a94b4369_b0.2/compare/aux/58889589483bd216ebea70b7a94b4369_b0.2_2paf_A_43.pdb,269,327,269,269
58889589483bd216ebea70b7a94b4369_b0.2/fold/58889589483bd216ebea70b7a94b4369_b0.2_263_10_hMIN.pdb,131,53.800000000000004,25,8.0,0.38385093167701867,59,18,46,19,38,19,2,19,2,19,160,3.806,0.44,0.532,0.44,58889589483bd216ebea70b7a94b4369_b0.2/compare/aux/58889589483bd216ebea70b7a94b4369_b0.2_2paf_A_43.pdb,269,327,269,269
58889589483bd216ebea70b7a94b4369_b0.2/fold/58889589483bd216ebea70b7a94b4369_b0.2_329_6_hMIN.pdb,131,60.99999999999999,25,14.0,0.4658385093167702,57,59,37,59,47,7,1,54,1,50,152,3.352,0.445,0.527,0.445,58889589483bd216ebea70b7a94b4369_b0.2/compare/aux/58889589483bd216ebea70b7a94b4369_b0.2_2paf_A_43.pdb,269,327,269,269
58889589483bd216ebea70b7a94b4369_b0.2/fold/58889589483bd216ebea70b7a94b4369_b0.2_263_3_hMIN.pdb,131,47.4,20,4.4,0.3217391304347826,59,18,46,19,38,19,2,19,2,19,153,3.947,0.41200000000000003,0.508,0.41200000000000003,58889589483bd216ebea70b7a94b4369_b0.2/compare/aux/58889589483bd216ebea70b7a94b4369_b0.2_2paf_A_43.pdb,269,327,269,269
58889589483bd216ebea70b7a94b4369_b0.2/fold/58889589483bd216ebea70b7a94b4369_b0.2_263_1_hMIN.pdb,131,43.199999999999996,17,4.4,0.29565217391304344,59,18,46,19,38,19,2,19,2,19,159,3.924,0.429,0.508,0.429,58889589483bd216ebea70b7a94b4369_b0.2/compare/aux/58889589483bd216ebea70b7a94b4369_b0.2_2paf_A_43.pdb,269,327,269,269
58889589483bd216ebea70b7a94b4369_b0.2/fold/58889589483bd216ebea70b7a94b4369_b0.2_329_2_hMIN.pdb,131,56.199999999999996,24,10.2,0.41242236024844714,57,59,37,59,47,7,1,54,1,50,135,3.38,0.39799999999999996,0.5,0.39799999999999996,58889589483bd216ebea70b7a94b4369_b0.2/compare/aux/58889589483bd216ebea70b7a94b4369_b0.2_2paf_A_43.pdb,269,327,269,269
58889589483bd216ebea70b7a94b4369_b0.2/fold/58889589483bd216ebea70b7a94b4369_b0.2_263_7_hMIN.pdb,131,40.0,26,9.799999999999999,0.3093167701863354,59,18,46,19,38,19,2,19,2,19,145,3.945,0.392,0.496,0.392,58889589483bd216ebea70b7a94b4369_b0.2/compare/aux/58889589483bd216ebea70b7a94b4369_b0.2_2paf_A_43.pdb,269,327,269,269
58889589483bd216ebea70b7a94b4369_b0.2/fold/58889589483bd216ebea70b7a94b4369_b0.2_329_10_hMIN.pdb,131,39.199999999999996,21,12.400000000000002,0.32049689440993784,57,59,37,59,47,7,1,54,1,50,128,3.409,0.37200000000000005,0.489,0.37200000000000005,58889589483bd216ebea70b7a94b4369_b0.2/compare/aux/58889589483bd216ebea70b7a94b4369_b0.2_2paf_A_43.pdb,269,327,269,269
58889589483bd216ebea70b7a94b4369_b0.2/fold/58889589483bd216ebea70b7a94b4369_b0.2_329_9_hMIN.pdb,131,40.400000000000006,22,6.6,0.29192546583850937,57,59,37,59,47,7,1,54,1,50,145,3.9560000000000004,0.38799999999999996,0.48700000000000004,0.38799999999999996,58889589483bd216ebea70b7a94b4369_b0.2/compare/aux/58889589483bd216ebea70b7a94b4369_b0.2_2paf_A_43.pdb,269,327,269,269
58889589483bd216ebea70b7a94b4369_b0.2/fold/58889589483bd216ebea70b7a94b4369_b0.2_329_4_hMIN.pdb,131,39.6,19,6.0,0.28322981366459626,57,59,37,59,47,7,0,59,0,55,133,3.947,0.35600000000000004,0.47600000000000003,0.35600000000000004,58889589483bd216ebea70b7a94b4369_b0.2/compare/aux/58889589483bd216ebea70b7a94b4369_b0.2_2paf_A_43.pdb,269,327,269,269
58889589483bd216ebea70b7a94b4369_b0.2/fold/58889589483bd216ebea70b7a94b4369_b0.2_230_4_hMIN.pdb,131,52.4,21,5.4,0.3590062111801242,55,1,43,3,39,3,0,59,0,55,137,3.112,0.414,0.467,0.414,58889589483bd216ebea70b7a94b4369_b0.2/compare/aux/58889589483bd216ebea70b7a94b4369_b0.2_2paf_A_43.pdb,269,327,269,269
58889589483bd216ebea70b7a94b4369_b0.2/fold/58889589483bd216ebea70b7a94b4369_b0.2_329_8_hMIN.pdb,131,41.199999999999996,24,11.2,0.3254658385093167,57,59,37,59,47,7,1,54,1,50,122,3.958,0.33,0.467,0.33,58889589483bd216ebea70b7a94b4369_b0.2/compare/aux/58889589483bd216ebea70b7a94b4369_b0.2_2paf_A_43.pdb,269,327,269,269
58889589483bd216ebea70b7a94b4369_b0.2/fold/58889589483bd216ebea70b7a94b4369_b0.2_329_5_hMIN.pdb,131,42.39999999999999,19,1.6,0.27329192546583847,50,1,39,3,36,3,0,59,0,55,121,4.004,0.32299999999999995,0.435,0.32299999999999995,58889589483bd216ebea70b7a94b4369_b0.2/compare/aux/58889589483bd216ebea70b7a94b4369_b0.2_2paf_A_43.pdb,269,327,269,269
58889589483bd216ebea70b7a94b4369_b0.2/fold/58889589483bd216ebea70b7a94b4369_b0.2_197_6_hMIN.pdb,131,48.8,27,11.0,0.3714285714285714,41,1,42,2,41,2,0,59,0,55,116,3.392,0.33899999999999997,0.42100000000000004,0.33899999999999997,58889589483bd216ebea70b7a94b4369_b0.2/compare/aux/58889589483bd216ebea70b7a94b4369_b0.2_2paf_A_43.pdb,269,327,269,269
58889589483bd216ebea70b7a94b4369_b0.2/fold/58889589483bd216ebea70b7a94b4369_b0.2_230_2_hMIN.pdb,131,51.199999999999996,20,8.0,0.36770186335403726,54,1,43,3,39,3,0,59,0,55,102,3.783,0.28300000000000003,0.402,0.28300000000000003,58889589483bd216ebea70b7a94b4369_b0.2/compare/aux/58889589483bd216ebea70b7a94b4369_b0.2_2paf_A_43.pdb,269,327,269,269
58889589483bd216ebea70b7a94b4369_b0.2/fold/58889589483bd216ebea70b7a94b4369_b0.2_329_3_hMIN.pdb,131,39.4,12,3.0,0.26335403726708073,51,1,39,3,36,3,0,59,0,55,106,4.1080000000000005,0.278,0.39899999999999997,0.278,58889589483bd216ebea70b7a94b4369_b0.2/compare/aux/58889589483bd216ebea70b7a94b4369_b0.2_2paf_A_43.pdb,269,327,269,269
58889589483bd216ebea70b7a94b4369_b0.2/fold/58889589483bd216ebea70b7a94b4369_b0.2_230_3_hMIN.pdb,131,31.599999999999998,17,7.0,0.23975155279503102,3,1,2,1,3,1,0,59,0,55,99,3.7230000000000003,0.276,0.387,0.276,58889589483bd216ebea70b7a94b4369_b0.2/compare/aux/58889589483bd216ebea70b7a94b4369_b0.2_2paf_A_43.pdb,269,327,269,269
58889589483bd216ebea70b7a94b4369_b0.2/fold/58889589483bd216ebea70b7a94b4369_b0.2_164_9_hMIN.pdb,131,43.4,14,7.6,0.3167701863354037,19,1,22,1,23,1,0,59,0,55,100,3.98,0.268,0.37,0.268,58889589483bd216ebea70b7a94b4369_b0.2/compare/aux/58889589483bd216ebea70b7a94b4369_b0.2_2paf_A_43.pdb,269,327,269,269
58889589483bd216ebea70b7a94b4369_b0.2/fold/58889589483bd216ebea70b7a94b4369_b0.2_230_7_hMIN.pdb,131,46.4,17,6.8,0.33043478260869563,45,1,43,3,39,3,0,59,0,55,103,3.943,0.28,0.363,0.28,58889589483bd216ebea70b7a94b4369_b0.2/compare/aux/58889589483bd216ebea70b7a94b4369_b0.2_2paf_A_43.pdb,269,327,269,269
58889589483bd216ebea70b7a94b4369_b0.2/fold/58889589483bd216ebea70b7a94b4369_b0.2_230_1_hMIN.pdb,131,37.8,18,3.2,0.2546583850931677,35,1,32,1,30,1,0,59,0,55,95,3.912,0.257,0.359,0.257,58889589483bd216ebea70b7a94b4369_b0.2/compare/aux/58889589483bd216ebea70b7a94b4369_b0.2_2paf_A_43.pdb,269,327,269,269
58889589483bd216ebea70b7a94b4369_b0.2/fold/58889589483bd216ebea70b7a94b4369_b0.2_197_4_hMIN.pdb,131,31.4,23,8.6,0.2484472049689441,43,1,44,2,43,2,0,59,0,55,104,3.858,0.28600000000000003,0.353,0.28600000000000003,58889589483bd216ebea70b7a94b4369_b0.2/compare/aux/58889589483bd216ebea70b7a94b4369_b0.2_2paf_A_43.pdb,269,327,269,269
58889589483bd216ebea70b7a94b4369_b0.2/fold/58889589483bd216ebea70b7a94b4369_b0.2_197_3_hMIN.pdb,131,41.60000000000001,25,11.0,0.32670807453416156,42,1,42,2,41,2,0,59,0,55,93,4.192,0.24100000000000002,0.35200000000000004,0.24100000000000002,58889589483bd216ebea70b7a94b4369_b0.2/compare/aux/58889589483bd216ebea70b7a94b4369_b0.2_2paf_A_43.pdb,269,327,269,269
58889589483bd216ebea70b7a94b4369_b0.2/fold/58889589483bd216ebea70b7a94b4369_b0.2_230_10_hMIN.pdb,131,37.0,17,5.8,0.26583850931677017,9,1,8,1,6,1,0,59,0,55,83,4.29,0.21,0.34600000000000003,0.21,58889589483bd216ebea70b7a94b4369_b0.2/compare/aux/58889589483bd216ebea70b7a94b4369_b0.2_2paf_A_43.pdb,269,327,269,269
58889589483bd216ebea70b7a94b4369_b0.2/fold/58889589483bd216ebea70b7a94b4369_b0.2_230_9_hMIN.pdb,131,39.4,21,4.6,0.2732919254658385,24,1,26,1,22,1,0,59,0,55,78,3.225,0.23199999999999998,0.345,0.23199999999999998,58889589483bd216ebea70b7a94b4369_b0.2/compare/aux/58889589483bd216ebea70b7a94b4369_b0.2_2paf_A_43.pdb,269,327,269,269
58889589483bd216ebea70b7a94b4369_b0.2/fold/58889589483bd216ebea70b7a94b4369_b0.2_230_6_hMIN.pdb,131,38.0,12,3.4,0.2571428571428571,53,1,47,2,45,2,0,59,0,55,85,4.195,0.221,0.344,0.221,58889589483bd216ebea70b7a94b4369_b0.2/compare/aux/58889589483bd216ebea70b7a94b4369_b0.2_2paf_A_43.pdb,269,327,269,269
58889589483bd216ebea70b7a94b4369_b0.2/fold/58889589483bd216ebea70b7a94b4369_b0.2_197_9_hMIN.pdb,131,32.4,15,3.6,0.2236024844720497,18,1,23,1,24,1,0,59,0,55,79,4.019,0.21100000000000002,0.34,0.21100000000000002,58889589483bd216ebea70b7a94b4369_b0.2/compare/aux/58889589483bd216ebea70b7a94b4369_b0.2_2paf_A_43.pdb,269,327,269,269
58889589483bd216ebea70b7a94b4369_b0.2/fold/58889589483bd216ebea70b7a94b4369_b0.2_329_7_hMIN.pdb,131,30.8,23,4.0,0.21614906832298134,49,1,39,3,36,3,3,8,4,8,75,4.119,0.19699999999999998,0.33399999999999996,0.19699999999999998,58889589483bd216ebea70b7a94b4369_b0.2/compare/aux/58889589483bd216ebea70b7a94b4369_b0.2_2paf_A_43.pdb,269,327,269,269
58889589483bd216ebea70b7a94b4369_b0.2/fold/58889589483bd216ebea70b7a94b4369_b0.2_230_5_hMIN.pdb,131,45.2,19,12.000000000000002,0.3552795031055901,52,1,47,2,45,2,0,59,0,55,89,4.0889999999999995,0.235,0.32899999999999996,0.235,58889589483bd216ebea70b7a94b4369_b0.2/compare/aux/58889589483bd216ebea70b7a94b4369_b0.2_2paf_A_43.pdb,269,327,269,269
58889589483bd216ebea70b7a94b4369_b0.2/fold/58889589483bd216ebea70b7a94b4369_b0.2_164_4_hMIN.pdb,131,46.800000000000004,24,8.2,0.3416149068322981,44,1,44,2,43,2,0,59,0,55,93,3.783,0.257,0.32899999999999996,0.257,58889589483bd216ebea70b7a94b4369_b0.2/compare/aux/58889589483bd216ebea70b7a94b4369_b0.2_2paf_A_43.pdb,269,327,269,269
58889589483bd216ebea70b7a94b4369_b0.2/fold/58889589483bd216ebea70b7a94b4369_b0.2_428_5_hMIN.pdb,131,34.4,22,3.4000000000000004,0.23478260869565215,58,7,40,8,35,8,3,8,4,8,82,3.8289999999999997,0.226,0.32799999999999996,0.226,58889589483bd216ebea70b7a94b4369_b0.2/compare/aux/58889589483bd216ebea70b7a94b4369_b0.2_2paf_A_43.pdb,269,327,269,269
58889589483bd216ebea70b7a94b4369_b0.2/fold/58889589483bd216ebea70b7a94b4369_b0.2_98_9_hMIN.pdb,131,34.6,11,3.8,0.23850931677018633,39,1,41,2,40,2,0,59,0,55,77,3.66,0.21600000000000003,0.327,0.21600000000000003,58889589483bd216ebea70b7a94b4369_b0.2/compare/aux/58889589483bd216ebea70b7a94b4369_b0.2_2paf_A_43.pdb,269,327,269,269
58889589483bd216ebea70b7a94b4369_b0.2/fold/58889589483bd216ebea70b7a94b4369_b0.2_296_3_hMIN.pdb,131,40.0,17,1.6,0.25838509316770186,4,1,1,1,1,1,0,59,0,55,82,4.032,0.217,0.325,0.217,58889589483bd216ebea70b7a94b4369_b0.2/compare/aux/58889589483bd216ebea70b7a94b4369_b0.2_2paf_A_43.pdb,269,327,269,269
58889589483bd216ebea70b7a94b4369_b0.2/fold/58889589483bd216ebea70b7a94b4369_b0.2_131_5_hMIN.pdb,131,31.799999999999997,12,3.4000000000000004,0.21863354037267077,2,1,5,1,10,1,0,59,0,55,80,3.741,0.221,0.324,0.221,58889589483bd216ebea70b7a94b4369_b0.2/compare/aux/58889589483bd216ebea70b7a94b4369_b0.2_2paf_A_43.pdb,269,327,269,269
58889589483bd216ebea70b7a94b4369_b0.2/fold/58889589483bd216ebea70b7a94b4369_b0.2_164_6_hMIN.pdb,131,40.800000000000004,14,3.4000000000000004,0.27453416149068327,16,1,9,1,19,1,0,59,0,55,77,4.0169999999999995,0.205,0.324,0.205,58889589483bd216ebea70b7a94b4369_b0.2/compare/aux/58889589483bd216ebea70b7a94b4369_b0.2_2paf_A_43.pdb,269,327,269,269
58889589483bd216ebea70b7a94b4369_b0.2/fold/58889589483bd216ebea70b7a94b4369_b0.2_197_7_hMIN.pdb,131,40.2,22,7.6000000000000005,0.29689440993788824,31,1,33,1,33,2,0,59,0,55,80,3.485,0.23199999999999998,0.318,0.23199999999999998,58889589483bd216ebea70b7a94b4369_b0.2/compare/aux/58889589483bd216ebea70b7a94b4369_b0.2_2paf_A_43.pdb,269,327,269,269
58889589483bd216ebea70b7a94b4369_b0.2/fold/58889589483bd216ebea70b7a94b4369_b0.2_197_5_hMIN.pdb,131,35.4,10,2.4000000000000004,0.23478260869565215,17,1,19,1,14,1,0,59,0,55,72,3.938,0.19399999999999998,0.317,0.19399999999999998,58889589483bd216ebea70b7a94b4369_b0.2/compare/aux/58889589483bd216ebea70b7a94b4369_b0.2_2paf_A_43.pdb,269,327,269,269
58889589483bd216ebea70b7a94b4369_b0.2/fold/58889589483bd216ebea70b7a94b4369_b0.2_131_8_hMIN.pdb,131,56.800000000000004,8,0.4,0.3552795031055901,47,1,45,2,44,2,0,59,0,55,77,3.548,0.22,0.312,0.22,58889589483bd216ebea70b7a94b4369_b0.2/compare/aux/58889589483bd216ebea70b7a94b4369_b0.2_2paf_A_43.pdb,269,327,269,269
58889589483bd216ebea70b7a94b4369_b0.2/fold/58889589483bd216ebea70b7a94b4369_b0.2_98_6_hMIN.pdb,131,51.0,10,2.0,0.32919254658385094,15,1,21,1,21,1,0,59,0,55,69,3.716,0.192,0.304,0.192,58889589483bd216ebea70b7a94b4369_b0.2/compare/aux/58889589483bd216ebea70b7a94b4369_b0.2_2paf_A_43.pdb,269,327,269,269
58889589483bd216ebea70b7a94b4369_b0.2/fold/58889589483bd216ebea70b7a94b4369_b0.2_164_3_hMIN.pdb,131,33.00000000000001,15,10.0,0.26708074534161497,27,1,30,1,32,1,0,59,0,55,76,3.825,0.209,0.304,0.209,58889589483bd216ebea70b7a94b4369_b0.2/compare/aux/58889589483bd216ebea70b7a94b4369_b0.2_2paf_A_43.pdb,269,327,269,269
58889589483bd216ebea70b7a94b4369_b0.2/fold/58889589483bd216ebea70b7a94b4369_b0.2_362_10_hMIN.pdb,131,32.2,22,1.2,0.20745341614906837,58,7,40,8,35,8,3,8,4,8,69,3.967,0.185,0.303,0.185,58889589483bd216ebea70b7a94b4369_b0.2/compare/aux/58889589483bd216ebea70b7a94b4369_b0.2_2paf_A_43.pdb,269,327,269,269
58889589483bd216ebea70b7a94b4369_b0.2/fold/58889589483bd216ebea70b7a94b4369_b0.2_131_2_hMIN.pdb,131,47.199999999999996,13,2.8,0.3105590062111801,29,1,17,1,9,1,0,59,0,55,71,4.211,0.182,0.303,0.182,58889589483bd216ebea70b7a94b4369_b0.2/compare/aux/58889589483bd216ebea70b7a94b4369_b0.2_2paf_A_43.pdb,269,327,269,269
58889589483bd216ebea70b7a94b4369_b0.2/fold/58889589483bd216ebea70b7a94b4369_b0.2_131_10_hMIN.pdb,131,45.199999999999996,14,6.6,0.3217391304347826,22,1,18,1,25,1,0,59,0,55,72,4.231,0.18600000000000003,0.303,0.18600000000000003,58889589483bd216ebea70b7a94b4369_b0.2/compare/aux/58889589483bd216ebea70b7a94b4369_b0.2_2paf_A_43.pdb,269,327,269,269
58889589483bd216ebea70b7a94b4369_b0.2/fold/58889589483bd216ebea70b7a94b4369_b0.2_164_7_hMIN.pdb,131,45.199999999999996,17,13.2,0.36273291925465834,32,1,34,1,33,2,0,59,0,55,73,3.42,0.212,0.299,0.212,58889589483bd216ebea70b7a94b4369_b0.2/compare/aux/58889589483bd216ebea70b7a94b4369_b0.2_2paf_A_43.pdb,269,327,269,269
58889589483bd216ebea70b7a94b4369_b0.2/fold/58889589483bd216ebea70b7a94b4369_b0.2_131_3_hMIN.pdb,131,41.60000000000001,14,5.6,0.2931677018633541,12,1,15,1,17,1,0,59,0,55,68,3.9339999999999997,0.183,0.299,0.183,58889589483bd216ebea70b7a94b4369_b0.2/compare/aux/58889589483bd216ebea70b7a94b4369_b0.2_2paf_A_43.pdb,269,327,269,269
58889589483bd216ebea70b7a94b4369_b0.2/fold/58889589483bd216ebea70b7a94b4369_b0.2_428_10_hMIN.pdb,131,28.200000000000003,21,7.800000000000001,0.2236024844720497,58,7,40,8,35,8,3,8,4,8,66,4.1,0.17300000000000001,0.299,0.17300000000000001,58889589483bd216ebea70b7a94b4369_b0.2/compare/aux/58889589483bd216ebea70b7a94b4369_b0.2_2paf_A_43.pdb,269,327,269,269
58889589483bd216ebea70b7a94b4369_b0.2/fold/58889589483bd216ebea70b7a94b4369_b0.2_164_5_hMIN.pdb,131,52.8,15,5.2,0.36024844720496896,26,1,31,1,31,1,0,59,0,55,85,3.7689999999999997,0.23399999999999999,0.294,0.23399999999999999,58889589483bd216ebea70b7a94b4369_b0.2/compare/aux/58889589483bd216ebea70b7a94b4369_b0.2_2paf_A_43.pdb,269,327,269,269
58889589483bd216ebea70b7a94b4369_b0.2/fold/58889589483bd216ebea70b7a94b4369_b0.2_significant_ECs_0.99_6_hMIN.pdb,131,11.400000000000002,22,2.4,0.08571428571428573,48,1,40,8,35,8,0,59,0,55,67,3.889,0.183,0.293,0.183,58889589483bd216ebea70b7a94b4369_b0.2/compare/aux/58889589483bd216ebea70b7a94b4369_b0.2_2paf_A_43.pdb,269,327,269,269
58889589483bd216ebea70b7a94b4369_b0.2/fold/58889589483bd216ebea70b7a94b4369_b0.2_98_7_hMIN.pdb,131,60.8,10,0.6,0.3813664596273292,30,1,27,1,28,1,0,59,0,55,73,3.67,0.205,0.29100000000000004,0.205,58889589483bd216ebea70b7a94b4369_b0.2/compare/aux/58889589483bd216ebea70b7a94b4369_b0.2_2paf_A_43.pdb,269,327,269,269
58889589483bd216ebea70b7a94b4369_b0.2/fold/58889589483bd216ebea70b7a94b4369_b0.2_98_2_hMIN.pdb,131,66.4,11,2.4,0.4273291925465839,23,1,28,1,29,1,0,59,0,55,66,3.574,0.188,0.29,0.188,58889589483bd216ebea70b7a94b4369_b0.2/compare/aux/58889589483bd216ebea70b7a94b4369_b0.2_2paf_A_43.pdb,269,327,269,269
58889589483bd216ebea70b7a94b4369_b0.2/fold/58889589483bd216ebea70b7a94b4369_b0.2_395_5_hMIN.pdb,131,25.8,28,5.8,0.19627329192546586,58,7,40,8,35,8,3,8,4,8,71,3.853,0.19399999999999998,0.289,0.19399999999999998,58889589483bd216ebea70b7a94b4369_b0.2/compare/aux/58889589483bd216ebea70b7a94b4369_b0.2_2paf_A_43.pdb,269,327,269,269
58889589483bd216ebea70b7a94b4369_b0.2/fold/58889589483bd216ebea70b7a94b4369_b0.2_395_6_hMIN.pdb,131,24.2,20,5.0,0.1813664596273292,58,7,40,8,35,8,3,8,4,8,64,3.983,0.172,0.28800000000000003,0.172,58889589483bd216ebea70b7a94b4369_b0.2/compare/aux/58889589483bd216ebea70b7a94b4369_b0.2_2paf_A_43.pdb,269,327,269,269
58889589483bd216ebea70b7a94b4369_b0.2/fold/58889589483bd216ebea70b7a94b4369_b0.2_197_8_hMIN.pdb,131,34.6,12,7.2,0.2596273291925466,25,1,25,1,27,1,0,59,0,55,58,4.333,0.147,0.287,0.147,58889589483bd216ebea70b7a94b4369_b0.2/compare/aux/58889589483bd216ebea70b7a94b4369_b0.2_2paf_A_43.pdb,269,327,269,269
58889589483bd216ebea70b7a94b4369_b0.2/fold/58889589483bd216ebea70b7a94b4369_b0.2_230_8_hMIN.pdb,131,41.199999999999996,15,2.6,0.2720496894409938,14,1,10,1,5,1,0,59,0,55,60,4.051,0.16,0.28600000000000003,0.16,58889589483bd216ebea70b7a94b4369_b0.2/compare/aux/58889589483bd216ebea70b7a94b4369_b0.2_2paf_A_43.pdb,269,327,269,269
58889589483bd216ebea70b7a94b4369_b0.2/fold/58889589483bd216ebea70b7a94b4369_b0.2_362_3_hMIN.pdb,131,37.400000000000006,20,5.4,0.2658385093167702,58,7,40,8,35,8,3,8,4,8,65,3.71,0.182,0.282,0.182,58889589483bd216ebea70b7a94b4369_b0.2/compare/aux/58889589483bd216ebea70b7a94b4369_b0.2_2paf_A_43.pdb,269,327,269,269
58889589483bd216ebea70b7a94b4369_b0.2/fold/58889589483bd216ebea70b7a94b4369_b0.2_395_2_hMIN.pdb,131,21.999999999999996,26,2.4,0.15155279503105587,58,7,40,8,35,8,3,8,4,8,63,3.972,0.16899999999999998,0.28,0.16899999999999998,58889589483bd216ebea70b7a94b4369_b0.2/compare/aux/58889589483bd216ebea70b7a94b4369_b0.2_2paf_A_43.pdb,269,327,269,269
58889589483bd216ebea70b7a94b4369_b0.2/fold/58889589483bd216ebea70b7a94b4369_b0.2_164_8_hMIN.pdb,131,47.0,15,4.4,0.31925465838509315,20,1,7,1,4,1,0,59,0,55,70,4.0,0.187,0.27899999999999997,0.187,58889589483bd216ebea70b7a94b4369_b0.2/compare/aux/58889589483bd216ebea70b7a94b4369_b0.2_2paf_A_43.pdb,269,327,269,269
58889589483bd216ebea70b7a94b4369_b0.2/fold/58889589483bd216ebea70b7a94b4369_b0.2_131_1_hMIN.pdb,131,49.2,13,4.6000000000000005,0.33416149068322987,6,1,11,1,13,1,0,59,0,55,55,3.972,0.14800000000000002,0.27899999999999997,0.14800000000000002,58889589483bd216ebea70b7a94b4369_b0.2/compare/aux/58889589483bd216ebea70b7a94b4369_b0.2_2paf_A_43.pdb,269,327,269,269
58889589483bd216ebea70b7a94b4369_b0.2/fold/58889589483bd216ebea70b7a94b4369_b0.2_197_2_hMIN.pdb,131,42.199999999999996,16,8.8,0.3167701863354037,34,1,36,1,34,2,0,59,0,55,59,4.288,0.151,0.27399999999999997,0.151,58889589483bd216ebea70b7a94b4369_b0.2/compare/aux/58889589483bd216ebea70b7a94b4369_b0.2_2paf_A_43.pdb,269,327,269,269
58889589483bd216ebea70b7a94b4369_b0.2/fold/58889589483bd216ebea70b7a94b4369_b0.2_164_1_hMIN.pdb,131,35.4,19,3.8000000000000003,0.2434782608695652,21,1,20,1,20,1,0,59,0,55,59,4.192,0.153,0.27399999999999997,0.153,58889589483bd216ebea70b7a94b4369_b0.2/compare/aux/58889589483bd216ebea70b7a94b4369_b0.2_2paf_A_43.pdb,269,327,269,269
58889589483bd216ebea70b7a94b4369_b0.2/fold/58889589483bd216ebea70b7a94b4369_b0.2_131_9_hMIN.pdb,131,47.6,20,6.4,0.33540372670807456,40,1,41,2,40,2,0,59,0,55,69,4.006,0.185,0.271,0.185,58889589483bd216ebea70b7a94b4369_b0.2/compare/aux/58889589483bd216ebea70b7a94b4369_b0.2_2paf_A_43.pdb,269,327,269,269
58889589483bd216ebea70b7a94b4369_b0.2/fold/58889589483bd216ebea70b7a94b4369_b0.2_164_2_hMIN.pdb,131,40.8,18,6.199999999999999,0.2919254658385093,33,1,35,1,34,2,0,59,0,55,70,3.677,0.198,0.27,0.198,58889589483bd216ebea70b7a94b4369_b0.2/compare/aux/58889589483bd216ebea70b7a94b4369_b0.2_2paf_A_43.pdb,269,327,269,269
58889589483bd216ebea70b7a94b4369_b0.2/fold/58889589483bd216ebea70b7a94b4369_b0.2_164_10_hMIN.pdb,131,47.2,12,5.200000000000001,0.3254658385093168,36,1,38,2,37,2,0,59,0,55,53,3.988,0.141,0.27,0.141,58889589483bd216ebea70b7a94b4369_b0.2/compare/aux/58889589483bd216ebea70b7a94b4369_b0.2_2paf_A_43.pdb,269,327,269,269
58889589483bd216ebea70b7a94b4369_b0.2/fold/58889589483bd216ebea70b7a94b4369_b0.2_197_10_hMIN.pdb,131,42.2,16,7.2,0.306832298136646,37,1,38,2,37,2,0,59,0,55,62,4.159,0.161,0.26899999999999996,0.161,58889589483bd216ebea70b7a94b4369_b0.2/compare/aux/58889589483bd216ebea70b7a94b4369_b0.2_2paf_A_43.pdb,269,327,269,269
58889589483bd216ebea70b7a94b4369_b0.2/fold/58889589483bd216ebea70b7a94b4369_b0.2_98_10_hMIN.pdb,131,53.800000000000004,12,0.0,0.33416149068322987,8,1,6,1,7,1,0,59,0,55,63,3.983,0.17,0.261,0.17,58889589483bd216ebea70b7a94b4369_b0.2/compare/aux/58889589483bd216ebea70b7a94b4369_b0.2_2paf_A_43.pdb,269,327,269,269
58889589483bd216ebea70b7a94b4369_b0.2/fold/58889589483bd216ebea70b7a94b4369_b0.2_131_6_hMIN.pdb,131,40.0,10,1.4,0.2571428571428571,1,1,3,1,2,1,0,59,0,55,45,4.394,0.113,0.26,0.113,58889589483bd216ebea70b7a94b4369_b0.2/compare/aux/58889589483bd216ebea70b7a94b4369_b0.2_2paf_A_43.pdb,269,327,269,269
58889589483bd216ebea70b7a94b4369_b0.2/fold/58889589483bd216ebea70b7a94b4369_b0.2_98_4_hMIN.pdb,131,34.6,15,5.2,0.2472049689440994,38,1,29,1,11,1,0,59,0,55,60,4.088,0.159,0.257,0.159,58889589483bd216ebea70b7a94b4369_b0.2/compare/aux/58889589483bd216ebea70b7a94b4369_b0.2_2paf_A_43.pdb,269,327,269,269
58889589483bd216ebea70b7a94b4369_b0.2/fold/58889589483bd216ebea70b7a94b4369_b0.2_98_8_hMIN.pdb,131,44.800000000000004,18,2.0,0.2906832298136646,46,1,45,2,44,2,0,59,0,55,64,3.875,0.175,0.256,0.175,58889589483bd216ebea70b7a94b4369_b0.2/compare/aux/58889589483bd216ebea70b7a94b4369_b0.2_2paf_A_43.pdb,269,327,269,269
58889589483bd216ebea70b7a94b4369_b0.2/fold/58889589483bd216ebea70b7a94b4369_b0.2_197_1_hMIN.pdb,131,40.800000000000004,13,4.4,0.28074534161490683,28,1,24,1,26,1,0,59,0,55,57,3.8160000000000003,0.158,0.248,0.158,58889589483bd216ebea70b7a94b4369_b0.2/compare/aux/58889589483bd216ebea70b7a94b4369_b0.2_2paf_A_43.pdb,269,327,269,269
58889589483bd216ebea70b7a94b4369_b0.2/fold/58889589483bd216ebea70b7a94b4369_b0.2_98_3_hMIN.pdb,131,40.400000000000006,13,3.6,0.2732919254658386,10,1,13,1,16,1,0,59,0,55,69,4.004,0.18600000000000003,0.244,0.18600000000000003,58889589483bd216ebea70b7a94b4369_b0.2/compare/aux/58889589483bd216ebea70b7a94b4369_b0.2_2paf_A_43.pdb,269,327,269,269
58889589483bd216ebea70b7a94b4369_b0.2/fold/58889589483bd216ebea70b7a94b4369_b0.2_131_4_hMIN.pdb,131,39.2,18,3.0000000000000004,0.26211180124223604,5,1,4,1,8,1,0,59,0,55,55,3.7880000000000003,0.151,0.23800000000000002,0.151,58889589483bd216ebea70b7a94b4369_b0.2/compare/aux/58889589483bd216ebea70b7a94b4369_b0.2_2paf_A_43.pdb,269,327,269,269
58889589483bd216ebea70b7a94b4369_b0.2/fold/58889589483bd216ebea70b7a94b4369_b0.2_98_5_hMIN.pdb,131,51.6,14,2.8000000000000003,0.337888198757764,13,1,14,1,15,1,0,59,0,55,61,3.995,0.16399999999999998,0.231,0.16399999999999998,58889589483bd216ebea70b7a94b4369_b0.2/compare/aux/58889589483bd216ebea70b7a94b4369_b0.2_2paf_A_43.pdb,269,327,269,269
58889589483bd216ebea70b7a94b4369_b0.2/fold/58889589483bd216ebea70b7a94b4369_b0.2_98_1_hMIN.pdb,131,50.4,19,5.4,0.346583850931677,7,1,12,1,12,1,0,59,0,55,52,3.765,0.14400000000000002,0.222,0.14400000000000002,58889589483bd216ebea70b7a94b4369_b0.2/compare/aux/58889589483bd216ebea70b7a94b4369_b0.2_2paf_A_43.pdb,269,327,269,269
58889589483bd216ebea70b7a94b4369_b0.2/fold/58889589483bd216ebea70b7a94b4369_b0.2_131_7_hMIN.pdb,131,32.0,15,6.2,0.23726708074534164,11,1,16,1,18,1,0,59,0,55,56,4.1419999999999995,0.146,0.21899999999999997,0.146,58889589483bd216ebea70b7a94b4369_b0.2/compare/aux/58889589483bd216ebea70b7a94b4369_b0.2_2paf_A_43.pdb,269,327,269,269
